model,noise,intensity,scenario,population,accuracy,precision_macro,recall_macro,f1_macro,rows
KNN,gaussian,0.1,gaussian-10,intact,0.9214464681061941,0.6276224044087162,0.6617807391639078,0.5525841156769135,2921931
KNN,gaussian,0.1,gaussian-10,corrupted,0.9215217009637686,0.6410250448163356,0.6536752183515873,0.562953218312143,324663
SVM,gaussian,0.1,gaussian-10,intact,0.9162475089247487,0.608856679725024,0.3553104141263969,0.3866969332135489,2921931
SVM,gaussian,0.1,gaussian-10,corrupted,0.828954947129793,0.2106198158791647,0.06720620034920256,0.06177805712327856,324663
Random Forest,gaussian,0.1,gaussian-10,intact,0.8310463183422195,0.29176486121005124,0.09836249436854955,0.10149491098711058,2921931
Random Forest,gaussian,0.1,gaussian-10,corrupted,0.8306028096826555,0.09981823663871596,0.07027002304995371,0.0671643076840242,324663
Softmax,gaussian,0.1,gaussian-10,intact,0.888875883790548,0.46864854702248404,0.42425820721096674,0.38583596723383684,2921931
Softmax,gaussian,0.1,gaussian-10,corrupted,0.5076864317769503,0.24206986616557782,0.2984384411412692,0.2170259192416179,324663
XGBoost,gaussian,0.1,gaussian-10,intact,0.8454498069940735,0.4532619856109373,0.2382305180700685,0.25992775606882385,2921931
XGBoost,gaussian,0.1,gaussian-10,corrupted,0.8007410761312499,0.2510405593065268,0.12214002470306282,0.08828102209335299,324663
KNN,gaussian,0.2,gaussian-20,intact,0.9003270351915124,0.7015545164631892,0.7112999362590878,0.6081839543684553,2597274
KNN,gaussian,0.2,gaussian-20,corrupted,0.7940537793383847,0.29150360469251435,0.28852846418051553,0.18100934871109955,649320
SVM,gaussian,0.2,gaussian-20,intact,0.9163087914482646,0.610339446814513,0.3557762362029807,0.387211177921367,2597274
SVM,gaussian,0.2,gaussian-20,corrupted,0.828783958602846,0.14582402430534683,0.0673502397184054,0.06202575251117208,649320
Random Forest,gaussian,0.2,gaussian-20,intact,0.8311183186679573,0.2929693329106627,0.09952233430159389,0.10284766513251253,2597274
Random Forest,gaussian,0.2,gaussian-20,corrupted,0.8303994948561572,0.08869336750251804,0.0676056338028169,0.06231601490506559,649320
Softmax,gaussian,0.2,gaussian-20,intact,0.8889262357379314,0.471054042482738,0.4263066106891372,0.38683438809761905,2597274
Softmax,gaussian,0.2,gaussian-20,corrupted,0.5065068071212961,0.22569517997773253,0.26614564443026684,0.20009735445441523,649320
XGBoost,gaussian,0.2,gaussian-20,intact,0.8454737544055806,0.4568729095787437,0.2390378301559895,0.26099896504878806,2597274
XGBoost,gaussian,0.2,gaussian-20,corrupted,0.8007592558368755,0.24111829602058474,0.12257057997451407,0.08805701558590989,649320
KNN,gaussian,0.3,gaussian-30,intact,0.9003845781520888,0.7119239389201976,0.7103450298601779,0.6107412901293311,2272620
KNN,gaussian,0.3,gaussian-30,corrupted,0.7942552881288413,0.32439221371594146,0.3111829773138667,0.18081523606313665,973974
SVM,gaussian,0.3,gaussian-30,intact,0.9163379711522384,0.6111416706609573,0.35594575011116186,0.3875221430777838,2272620
SVM,gaussian,0.3,gaussian-30,corrupted,0.8288712019006668,0.12103976109766101,0.06719811200953603,0.061756559358404066,973974
Random Forest,gaussian,0.3,gaussian-30,intact,0.8311222289692074,0.2947634307588805,0.09792024940525318,0.10218696955889674,2272620
Random Forest,gaussian,0.3,gaussian-30,corrupted,0.8305129295032516,0.172034194141902,0.06892568849718687,0.06481873644801638,973974
Softmax,gaussian,0.3,gaussian-30,intact,0.888878035043254,0.47850731574156674,0.4194382835694702,0.384738760514711,2272620
Softmax,gaussian,0.3,gaussian-30,corrupted,0.5081388209541527,0.2176612066002116,0.3064575634402712,0.20018868273008233,973974
XGBoost,gaussian,0.3,gaussian-30,intact,0.8455153083225528,0.44736266271278846,0.23324139667066174,0.2560959173040981,2272620
XGBoost,gaussian,0.3,gaussian-30,corrupted,0.8009176836342654,0.23940700727638262,0.1286030975329276,0.0877857013388313,973974
KNN,uniform,0.1,uniform-10,intact,0.900165678108073,0.7039781260114002,0.7131152950027981,0.6137272344921657,2921931
KNN,uniform,0.1,uniform-10,corrupted,0.7944299165596326,0.2931586768932781,0.28707519619778915,0.18095612555323318,324663
SVM,uniform,0.1,uniform-10,intact,0.9162403218967183,0.6045060658990175,0.3553565881450389,0.3865476509710207,2921931
SVM,uniform,0.1,uniform-10,corrupted,0.8301623529629185,0.08435654102762886,0.06703247353037738,0.061389383644024374,324663
Random Forest,uniform,0.1,uniform-10,intact,0.8309758170196353,0.29489070127172196,0.0996704318790909,0.10351051268691304,2921931
Random Forest,uniform,0.1,uniform-10,corrupted,0.8312650348207218,0.09541790643282058,0.07179487179487179,0.06961497043174183,324663
Softmax,uniform,0.1,uniform-10,intact,0.8888303659463553,0.4740840044401207,0.42677810694587126,0.38941388854337605,2921931
Softmax,uniform,0.1,uniform-10,corrupted,0.5046925581295066,0.2183894814283675,0.2626219023544178,0.2036495120785842,324663
XGBoost,uniform,0.1,uniform-10,intact,0.8453697229674486,0.45882325045818284,0.24154420333481572,0.2653236060367547,2921931
XGBoost,uniform,0.1,uniform-10,corrupted,0.8007071948451163,0.2582416860218903,0.12339508222199054,0.08692883634557953,324663
KNN,uniform,0.2,uniform-20,intact,0.9004590967298791,0.6987126625486718,0.7148045722796514,0.6111427068164786,2597274
KNN,uniform,0.2,uniform-20,corrupted,0.7933853877903037,0.2895546743949152,0.3018883439326681,0.1777674377599426,649320
SVM,uniform,0.2,uniform-20,intact,0.9162487284745467,0.6056673113143888,0.35499619129177007,0.38646678443161353,2597274
SVM,uniform,0.2,uniform-20,corrupted,0.8295108729132015,0.14550395499817845,0.06684061391008594,0.06103521872831595,649320
Random Forest,uniform,0.2,uniform-20,intact,0.8310443950079969,0.2935420233448048,0.10096055578432066,0.1040245868037561,2597274
Random Forest,uniform,0.2,uniform-20,corrupted,0.8307044292490605,0.10538032842765824,0.06969696969696969,0.06621592923813995,649320
Softmax,uniform,0.2,uniform-20,intact,0.8889239256235576,0.46841935654237066,0.424872624246911,0.3871506652974038,2597274
Softmax,uniform,0.2,uniform-20,corrupted,0.5041335551038009,0.2210264161345768,0.2984429223789539,0.19985751073246746,649320
XGBoost,uniform,0.2,uniform-20,intact,0.845440257747161,0.45639220760757776,0.23921562126164833,0.2612440547998448,2597274
XGBoost,uniform,0.2,uniform-20,corrupted,0.8008408796895213,0.23691740404124026,0.12650081800983454,0.09039265437451402,649320
KNN,uniform,0.3,uniform-30,intact,0.9003533366774912,0.7050004175879419,0.7147184859417778,0.6135169061362887,2272620
KNN,uniform,0.3,uniform-30,corrupted,0.7937983970824684,0.287890580642043,0.27818114744373046,0.17868824373356426,973974
SVM,uniform,0.3,uniform-30,intact,0.9162301660638382,0.6100451890676315,0.3553041037162181,0.38708470370395687,2272620
SVM,uniform,0.3,uniform-30,corrupted,0.8296812851267077,0.1595670529105198,0.06700570767239972,0.061356637694501844,973974
Random Forest,uniform,0.3,uniform-30,intact,0.8309532609939189,0.2945165628506926,0.09863004366989639,0.10251654822135586,2272620
Random Forest,uniform,0.3,uniform-30,corrupted,0.8308958966050428,0.10872640368088375,0.06941580756013746,0.06573800465591106,973974
Softmax,uniform,0.3,uniform-30,intact,0.8886901461748995,0.47160892176886615,0.4238510410091928,0.3877594606903225,2272620
Softmax,uniform,0.3,uniform-30,corrupted,0.5044970399620524,0.2254511856173302,0.27183904473349507,0.19944061207586125,973974
XGBoost,uniform,0.3,uniform-30,intact,0.8453353398280399,0.4575698170581236,0.23881744801904423,0.2629790737447084,2272620
XGBoost,uniform,0.3,uniform-30,corrupted,0.8010860659524792,0.2588125280809922,0.13130458984221596,0.0909468481739588,973974
KNN,multiplicative,0.1,multiplicative-10,intact,0.9003587011466048,0.7008852951560413,0.7077755027465193,0.6092535206856555,2921931
KNN,multiplicative,0.1,multiplicative-10,corrupted,0.8368985686696667,0.4312887953092332,0.35514058285426364,0.3040244690769576,324663
SVM,multiplicative,0.1,multiplicative-10,intact,0.9162601717836595,0.611203174658214,0.3552087685537751,0.3866531144308155,2921931
SVM,multiplicative,0.1,multiplicative-10,corrupted,0.8336367248500753,0.39860888606614314,0.1854866390155901,0.168648660909307,324663
Random Forest,multiplicative,0.1,multiplicative-10,intact,0.8309720523859051,0.2929719420974008,0.09941750417205039,0.10264722604791847,2921931
Random Forest,multiplicative,0.1,multiplicative-10,corrupted,0.8313635985622014,0.3340918471603121,0.09605109268976147,0.09659199418440688,324663
Softmax,multiplicative,0.1,multiplicative-10,intact,0.8888200987634547,0.4731680601800084,0.4297484907330085,0.38873184692691737,2921931
Softmax,multiplicative,0.1,multiplicative-10,corrupted,0.8006240316882429,0.3285931950189908,0.3048927642825384,0.28208653864655164,324663
XGBoost,multiplicative,0.1,multiplicative-10,intact,0.8453584290662579,0.4583195656882487,0.24198826095226106,0.26444022065103845,2921931
XGBoost,multiplicative,0.1,multiplicative-10,corrupted,0.830233195652107,0.4842976945331829,0.14662183795355618,0.14219923385609587,324663
KNN,multiplicative,0.2,multiplicative-20,intact,0.9001826530431521,0.7022398732050842,0.701554000278513,0.6075636660809759,2597274
KNN,multiplicative,0.2,multiplicative-20,corrupted,0.8356927246966057,0.428908183271103,0.33424107457057356,0.2998611306535999,649320
SVM,multiplicative,0.2,multiplicative-20,intact,0.9163111015626384,0.6136789697668283,0.3549321963134224,0.3863827528717193,2597274
SVM,multiplicative,0.2,multiplicative-20,corrupted,0.8326356804041151,0.37610599189703287,0.18208232182818207,0.16665201948932085,649320
Random Forest,multiplicative,0.2,multiplicative-20,intact,0.8311094632295245,0.29196443536733896,0.09806908504684192,0.10149146529454893,2597274
Random Forest,multiplicative,0.2,multiplicative-20,corrupted,0.8305334811803117,0.4254220407485044,0.10253334243746288,0.1044148159501567,649320
Softmax,multiplicative,0.2,multiplicative-20,intact,0.8890887137822193,0.46945144838106934,0.4248865849585212,0.38670913619593217,2597274
Softmax,multiplicative,0.2,multiplicative-20,corrupted,0.8000739234891887,0.335941843902508,0.3320488678424109,0.28164240912737426,649320
XGBoost,multiplicative,0.2,multiplicative-20,intact,0.845483379882138,0.4569744210493457,0.23871180466154626,0.26092278240144673,2597274
XGBoost,multiplicative,0.2,multiplicative-20,corrupted,0.8296479393827388,0.4946700128319634,0.14972237167821867,0.14641057713828534,649320
KNN,multiplicative,0.3,multiplicative-30,intact,0.9000866840914891,0.7019106163472542,0.725010878310283,0.6161636274192505,2272620
KNN,multiplicative,0.3,multiplicative-30,corrupted,0.8364330053985014,0.4285239644706056,0.3316289974501687,0.2979418112520793,973974
SVM,multiplicative,0.3,multiplicative-30,intact,0.9161360016192764,0.6059401479772895,0.35513201468760874,0.38629899718991023,2272620
SVM,multiplicative,0.3,multiplicative-30,corrupted,0.8332203939735557,0.380812245497023,0.18325736820616065,0.1663209446280295,973974
Random Forest,multiplicative,0.3,multiplicative-30,intact,0.8309880226346683,0.29434865664651305,0.10025188218596129,0.10349043362053995,2272620
Random Forest,multiplicative,0.3,multiplicative-30,corrupted,0.8308774156188974,0.4805416245576854,0.1010847872533597,0.10030177204431134,973974
Softmax,multiplicative,0.3,multiplicative-30,intact,0.8887737501210057,0.4724983841229196,0.4317234985029683,0.39071516697775066,2272620
Softmax,multiplicative,0.3,multiplicative-30,corrupted,0.8002965171554888,0.31863775293131696,0.32465179167379205,0.2806731992530137,973974
XGBoost,multiplicative,0.3,multiplicative-30,intact,0.8453899024033934,0.4620789700972241,0.24573634489371196,0.26858139501345507,2272620
XGBoost,multiplicative,0.3,multiplicative-30,corrupted,0.8298681484310669,0.4903931040641225,0.15399899725465208,0.14391696566400355,973974
KNN,missing,0.1,missing-10,intact,0.9002478155712781,0.7005539763416054,0.7076640517381382,0.6076398825631968,2921931
KNN,missing,0.1,missing-10,corrupted,0.8313204769253041,0.055421365128353606,0.06666666666666667,0.060526123992675845,324663
SVM,missing,0.1,missing-10,intact,0.9162793371917407,0.605500368295751,0.3557229623250104,0.38686938634012935,2921931
SVM,missing,0.1,missing-10,corrupted,0.8313204769253041,0.055421365128353606,0.06666666666666667,0.060526123992675845,324663
Random Forest,missing,0.1,missing-10,intact,0.8309665765550247,0.29253435438649433,0.09832606632802267,0.10176359784583476,2921931
Random Forest,missing,0.1,missing-10,corrupted,0.8313204769253041,0.055421365128353606,0.06666666666666667,0.060526123992675845,324663
Softmax,missing,0.1,missing-10,intact,0.888841317608116,0.47363066566428763,0.427022869399032,0.38915522654408347,2921931
Softmax,missing,0.1,missing-10,corrupted,0.8313204769253041,0.055421365128353606,0.06666666666666667,0.060526123992675845,324663
XGBoost,missing,0.1,missing-10,intact,0.8453389214187467,0.45939120521401794,0.24179078079646507,0.26494543464637677,2921931
XGBoost,missing,0.1,missing-10,corrupted,0.8313204769253041,0.055421365128353606,0.06666666666666667,0.060526123992675845,324663
KNN,missing,0.2,missing-20,intact,0.9003058591430861,0.7015240620823803,0.7069078750260677,0.6150795970181486,2597274
KNN,missing,0.2,missing-20,corrupted,0.8304965194357173,0.05536643462904782,0.06666666666666667,0.06049335143900246,649320
SVM,missing,0.2,missing-20,intact,0.9162910805713991,0.609151451980418,0.35515776528468995,0.3866702486601149,2597274
SVM,missing,0.2,missing-20,corrupted,0.8304965194357173,0.05536643462904782,0.06666666666666667,0.06049335143900246,649320
Random Forest,missing,0.2,missing-20,intact,0.8310921373717213,0.2932682941012414,0.09994740351861625,0.10320114551003298,2597274
Random Forest,missing,0.2,missing-20,corrupted,0.8304965194357173,0.05536643462904782,0.06666666666666667,0.06049335143900246,649320
Softmax,missing,0.2,missing-20,intact,0.888852312077971,0.4696332963751073,0.4277541105778531,0.3884523962837701,2597274
Softmax,missing,0.2,missing-20,corrupted,0.8304965194357173,0.05536643462904782,0.06666666666666667,0.06049335143900246,649320
XGBoost,missing,0.2,missing-20,intact,0.8455172615596198,0.46352645453684,0.24510724290546543,0.26769257061352114,2597274
XGBoost,missing,0.2,missing-20,corrupted,0.8304965194357173,0.05536643462904782,0.06666666666666667,0.06049335143900246,649320
KNN,missing,0.3,missing-30,intact,0.9002618123575433,0.6999610761277382,0.7089840676023623,0.6110169634658499,2272620
KNN,missing,0.3,missing-30,corrupted,0.8307788503594552,0.055385256690630345,0.06666666666666667,0.060504584351906844,973974
SVM,missing,0.3,missing-30,intact,0.9162253258353794,0.6079469049015181,0.35488162031489195,0.3857255212617125,2272620
SVM,missing,0.3,missing-30,corrupted,0.8307788503594552,0.055385256690630345,0.06666666666666667,0.060504584351906844,973974
Random Forest,missing,0.3,missing-30,intact,0.8310109037146554,0.292477441992946,0.10034269239081335,0.10321424582960174,2272620
Random Forest,missing,0.3,missing-30,corrupted,0.8307788503594552,0.055385256690630345,0.06666666666666667,0.060504584351906844,973974
Softmax,missing,0.3,missing-30,intact,0.8887992713256065,0.46923914611712875,0.4268979685907349,0.3866034162263298,2272620
Softmax,missing,0.3,missing-30,corrupted,0.8307788503594552,0.055385256690630345,0.06666666666666667,0.060504584351906844,973974
XGBoost,missing,0.3,missing-30,intact,0.8453498605134162,0.4598698876456957,0.24075085092070303,0.26182444707194114,2272620
XGBoost,missing,0.3,missing-30,corrupted,0.8307788503594552,0.055385256690630345,0.06666666666666667,0.060504584351906844,973974
