class,full_rows,full_percentage,sample_rows,sample_percentage
Benign,8076122,88.19842905201007,220496,88.17124325707682
DDoS attacks-LOIC-HTTP,460010,5.023717985960979,12559,5.022053207612055
DDOS attack-HOIC,159089,1.7373932537739316,4343,1.7366651071469987
DoS attacks-Hulk,116159,1.2685595042091289,3171,1.2680094530884487
Bot,115628,1.2627605123382017,3157,1.262411177357374
Infilteration,111473,1.2173842200148437,3043,1.2168252178329075
SSH-Bruteforce,75238,0.821665819933767,2054,0.8213470251162641
DoS attacks-GoldenEye,33114,0.36163430661749063,904,0.3614886614922604
DoS attacks-Slowloris,7770,0.08485530477797615,212,0.08477388964199027
DDOS attack-LOIC-UDP,1384,0.01511450988580682,38,0.015195319841488822
Brute Force -Web,442,0.004827032781449866,20,0.007997536758678326
Brute Force -XSS,182,0.00198760173353818,20,0.007997536758678326
SQL Injection,67,0.0007316995392695497,20,0.007997536758678326
DoS attacks-SlowHTTPTest,44,0.00048051910041582377,20,0.007997536758678326
FTP-BruteForce,42,0.00045867732312419537,20,0.007997536758678326
