mean_fit_time,std_fit_time,mean_score_time,std_score_time,param_knn__metric,param_knn__n_neighbors,params,split0_test_f1_macro,split1_test_f1_macro,split2_test_f1_macro,split3_test_f1_macro,split4_test_f1_macro,mean_test_f1_macro,std_test_f1_macro,rank_test_f1_macro,split0_test_precision_macro,split1_test_precision_macro,split2_test_precision_macro,split3_test_precision_macro,split4_test_precision_macro,mean_test_precision_macro,std_test_precision_macro,rank_test_precision_macro,split0_test_recall_macro,split1_test_recall_macro,split2_test_recall_macro,split3_test_recall_macro,split4_test_recall_macro,mean_test_recall_macro,std_test_recall_macro,rank_test_recall_macro,split0_test_accuracy,split1_test_accuracy,split2_test_accuracy,split3_test_accuracy,split4_test_accuracy,mean_test_accuracy,std_test_accuracy,rank_test_accuracy
0.2990573883056641,0.02292535166150099,86.48050570487976,0.5562038096869124,cosine,1,"{'knn__metric': 'cosine', 'knn__n_neighbors': 1}",0.7657393877251573,0.7772423582674374,0.7577848484629872,0.744671957160916,0.7472221119026518,0.75853213270383,0.01202161832636189,1,0.7568864138296901,0.7939084127497009,0.7836451850832252,0.7612674292205523,0.767719140647404,0.7726853163061145,0.013965492557705517,1,0.7784976785050574,0.7728316585885382,0.746898493563327,0.7471917827353328,0.7377013052371233,0.7566241837258758,0.016017281811612744,1,0.9792866282789507,0.9788467690339091,0.9785668586052463,0.9781669865642995,0.9789667306461932,0.9787667946257198,0.0003785079835636292,19
0.30666818618774416,0.04020390278137319,9.899644756317139,0.10564219069638435,manhattan,1,"{'knn__metric': 'manhattan', 'knn__n_neighbors': 1}",0.7554260711507509,0.7570439603239567,0.7491043857029825,0.7331354681242722,0.7399391030429482,0.746929797668982,0.009147296008640192,2,0.7400205945524249,0.7702966181310801,0.7757322608383991,0.72806998330948,0.7494198866571523,0.7527078686977073,0.01799049686705905,4,0.7805698169148042,0.7648434395461319,0.7374697075627517,0.7461856965600443,0.7368340230265104,0.7531805367220484,0.01702446723703451,2,0.9780670185540628,0.9791466730646193,0.9787068138195777,0.9781269993602048,0.9787667946257198,0.9785628598848369,0.0004096298243513282,21
0.2723385810852051,0.009358801179584339,3.1890464305877684,0.10569801125657355,euclidean,1,"{'knn__metric': 'euclidean', 'knn__n_neighbors': 1}",0.7399782903357547,0.7568920365271332,0.7488255069956675,0.7336000110210509,0.7386086620962403,0.7435809013951692,0.008270578566915151,3,0.7246830185722032,0.7702111115681068,0.7756048615352206,0.7286383269784048,0.7494933105177746,0.749726125834342,0.020790624266200187,5,0.7628653056570719,0.7646260131119568,0.7370424132733883,0.7465428263851545,0.7363193363576175,0.7494791789570379,0.012207307133712266,3,0.9783069417786309,0.9791266794625719,0.9787667946257198,0.9785668586052463,0.9788067818298145,0.9787148112603967,0.0002716776671698986,20
0.306242847442627,0.015822567929204095,86.71146559715271,0.2500960599521761,cosine,3,"{'knn__metric': 'cosine', 'knn__n_neighbors': 3}",0.6946000315244178,0.7266870432987627,0.681166406161709,0.725774734294817,0.7613250275453619,0.7179106485650136,0.02799000345746212,4,0.7179261585181262,0.7613466553201086,0.7679817198925628,0.7513675533279692,0.8504076136564278,0.769805940143039,0.04382465721985149,2,0.6843085893375304,0.717452806576508,0.6627245634931429,0.718967890482722,0.733420112850768,0.7033747925481343,0.025923031000868305,5,0.9857845489443378,0.9865043186180422,0.9857245681381958,0.9853646833013435,0.9855846129238643,0.9857925463851569,0.0003840853695317002,16
0.26281447410583497,0.0074472904103043205,9.998618555068969,0.08001391353503116,manhattan,3,"{'knn__metric': 'manhattan', 'knn__n_neighbors': 3}",0.6820351341643465,0.7320838637318432,0.6788075766903103,0.7263435675218035,0.7596783923323452,0.7157897068881297,0.031016606407785738,5,0.6918422766076961,0.7735724524691544,0.7401332815064879,0.7286279391539946,0.8545217711672158,0.7577395441809098,0.05498617344662638,3,0.683696455020384,0.7162066182300829,0.6625116722063601,0.7355824739580208,0.7248352608536197,0.7045664960536935,0.02724875401819314,4,0.9853646833013435,0.98614443378119,0.9857645553422905,0.9852247280870121,0.9854246641074856,0.9855846129238645,0.0003314357931078401,18
0.27323250770568847,0.01772472694574682,3.167734718322754,0.027465945827011902,euclidean,3,"{'knn__metric': 'euclidean', 'knn__n_neighbors': 3}",0.6660782256069457,0.7247202886141151,0.6546263705012515,0.7316296070242297,0.7546244386211978,0.706335786073548,0.03899768226540522,6,0.6813690919637051,0.7567131086284786,0.7018291051855335,0.7388883475459997,0.8476706489299922,0.7452940604507419,0.05766801127146389,7,0.6664706496371609,0.7162776821205953,0.646063943689666,0.7350427597267936,0.7231874782503899,0.6974085026849212,0.03472852806122502,6,0.9853646833013435,0.9862244081893794,0.9857845489443378,0.9852647152911068,0.9853246960972489,0.9855926103646832,0.00036530888021612796,17
0.30057897567749026,0.03361628264390342,87.49811201095581,2.3435003120025266,cosine,5,"{'knn__metric': 'cosine', 'knn__n_neighbors': 5}",0.6904655671613433,0.7544081393139731,0.6588949889778295,0.6880693937246852,0.7115774157139254,0.7006831009783513,0.031669593462098064,7,0.7162911098658883,0.8233507221944284,0.6707144437909982,0.7153252031804732,0.8020026690356381,0.7455368296134853,0.05763651067803962,6,0.6850833297386083,0.733401336803751,0.6723887480141095,0.6858060065720697,0.6991166617524989,0.6951592165762076,0.02090751732417956,7,0.9867442418426103,0.986784229046705,0.9865043186180422,0.9861644273832374,0.9864243442098528,0.9865243122200896,0.0002262017854083492,2
0.26151123046875,0.00747218196940074,9.978763628005982,0.18421584298894716,manhattan,5,"{'knn__metric': 'manhattan', 'knn__n_neighbors': 5}",0.685361671647381,0.7063397744730838,0.6784091971698807,0.6728954810820558,0.7186967378106021,0.6923405724366007,0.017386920151162645,8,0.7104161348313356,0.7433968003526433,0.7070069474649666,0.7008400653328178,0.8049766950448197,0.7333273286053166,0.038750828406399915,8,0.6827313280429149,0.6988437723849558,0.6776219432078959,0.6690682760148905,0.7091107058975378,0.687475205109639,0.014530969648748171,8,0.986784229046705,0.9866242802303263,0.9865043186180422,0.9860644593730007,0.9863843570057581,0.9864723288547665,0.00024310115408781064,7
0.2625434398651123,0.010023232738605949,3.1732171058654783,0.05057064638823941,euclidean,5,"{'knn__metric': 'euclidean', 'knn__n_neighbors': 5}",0.684629154815347,0.7105052346486118,0.6657993698234238,0.6729789457372076,0.7016682418267314,0.6871161893702643,0.016847928440842066,9,0.7101408547114579,0.7530373977630332,0.6905234652785107,0.7012658961593502,0.7975242630573042,0.7304983753939311,0.03966720831037006,9,0.6818867224332658,0.6984309962120621,0.6615041336319581,0.6689227067110272,0.6914869411146405,0.6804463000205908,0.01370415075700016,9,0.9867442418426103,0.9865842930262316,0.9866042866282789,0.986084452975048,0.9862643953934741,0.9864563339731287,0.00024342980254676565,9
0.2929271697998047,0.03087438475632326,84.93256821632386,0.8533258037713323,cosine,9,"{'knn__metric': 'cosine', 'knn__n_neighbors': 9}",0.6586156517369971,0.6429649579987001,0.6685037728253037,0.6932145492170708,0.696015770002918,0.671862940356198,0.02030329247923333,10,0.7159702537852037,0.7038871187164101,0.6859072429984069,0.7277473535078065,0.7504650192611039,0.7167953976537863,0.021794363407780282,11,0.6495684738692903,0.6320644946412166,0.6695243831582165,0.6845249169437793,0.6916714527060603,0.6654707442637127,0.022067307607533726,12,0.9866842610364683,0.9865842930262316,0.9863843570057581,0.9863043825975688,0.9865443058221369,0.9865003198976329,0.00013759317445686094,3
0.2770068645477295,0.01178195237132052,3.1885781288146973,0.02569225712748616,euclidean,11,"{'knn__metric': 'euclidean', 'knn__n_neighbors': 11}",0.6662891167336985,0.6615800252425584,0.6480945714149218,0.6889864464730172,0.6905486528169099,0.6710997625362212,0.016378029949357775,11,0.7241132510586099,0.7312048936890652,0.6678780779606862,0.7302534092766175,0.7512032004122474,0.7209305664794452,0.028048549273800526,10,0.6601803970965714,0.644754674312008,0.6517543275323718,0.6839449947040744,0.6885842427749888,0.6658437272840029,0.01743628157857893,11,0.9864243442098528,0.9864643314139475,0.9865043186180422,0.9862843889955214,0.9863843570057581,0.9864123480486244,7.544770579060929e-05,12
0.2931943416595459,0.011997284114299404,83.99431138038635,0.3816641496806584,cosine,7,"{'knn__metric': 'cosine', 'knn__n_neighbors': 7}",0.674449810211685,0.6558332428163652,0.6618629639986094,0.6763012747485099,0.6765130248467724,0.6689920633243884,0.008529420253553912,12,0.7052411277709569,0.7133903859554842,0.7048291589455988,0.7098383848558415,0.7354982028663913,0.7137594520788546,0.01131721032970433,13,0.6668813729752929,0.649380342415013,0.6712376198757471,0.668986017824258,0.6754249588367478,0.6663820623854118,0.008960343650955133,10,0.9866842610364683,0.986724248240563,0.9866042866282789,0.9864043506078055,0.9864843250159949,0.9865802943058221,0.00012022789809958625,1
0.2737573146820068,0.01572398905219677,3.197577381134033,0.028648981191869333,euclidean,9,"{'knn__metric': 'euclidean', 'knn__n_neighbors': 9}",0.6754961973780482,0.6643040945978409,0.6492440826432326,0.6915753394125818,0.6620813397394577,0.6685402107542322,0.01421974090600434,13,0.737661723347586,0.7329898009565304,0.6657299290675454,0.7253355233105455,0.7163190885120074,0.7156072130388429,0.025967079279194467,12,0.6627336418521923,0.6473597744389595,0.6517128263515859,0.6842645501777379,0.6575319189475514,0.6607205423536054,0.012870036985818867,17,0.9866242802303263,0.9865842930262316,0.9864843250159949,0.9862843889955214,0.9864043506078055,0.9864763275751759,0.00012298909548330594,6
0.29927430152893064,0.02199821104516211,85.80891675949097,0.9768231621621657,cosine,11,"{'knn__metric': 'cosine', 'knn__n_neighbors': 11}",0.6482630107079521,0.6435531851927175,0.6598366559886036,0.6935062801577985,0.6876654379581109,0.6665649140010366,0.020400186785589417,14,0.7018442931109579,0.7083895652662677,0.6743437947417781,0.7369518242323819,0.7396737499653349,0.7122406454633441,0.024175623401701273,14,0.6469426535073595,0.6301591492960491,0.6700497244024087,0.6841042442139158,0.6892068868030706,0.6640925316445607,0.022415532018096502,13,0.9863843570057581,0.9865842930262316,0.9865243122200895,0.9863443698016635,0.9863443698016635,0.9864363403710813,9.924563056613188e-05,10
0.26561746597290037,0.0076883678452104795,10.398413467407227,0.09006757031116618,manhattan,9,"{'knn__metric': 'manhattan', 'knn__n_neighbors': 9}",0.6764614550052584,0.660042795669444,0.6492797159399807,0.6769306459162853,0.6618652667321665,0.6649159758526271,0.010537530269410114,15,0.7380211036387221,0.7019897592930591,0.6642833197579769,0.7122838794157668,0.716219866224991,0.7065595856661031,0.024182976015224646,16,0.6645737507625459,0.6474365848079072,0.6524019991227877,0.6686599155548957,0.6581530512598358,0.6582450603015946,0.007739438028674105,20,0.9867042546385156,0.9864643314139475,0.9864643314139475,0.9863243761996161,0.9863443698016635,0.9864603326935381,0.00013524899652339506,8
0.2924341201782227,0.03433329390253496,83.51666431427002,5.237265112051743,cosine,13,"{'knn__metric': 'cosine', 'knn__n_neighbors': 13}",0.6455534226161803,0.6406221971547311,0.6585562718540381,0.6922435307844582,0.6781796354131593,0.6630310115645134,0.01954736022003418,16,0.7011454577228272,0.7021769737876515,0.6756184533845333,0.7364592090486518,0.7266634391249517,0.708412706613723,0.021386237870226157,15,0.646261832554944,0.6291417188274905,0.6687363958873275,0.683350054415391,0.6808450530621444,0.6616670109494596,0.020895655173300557,15,0.9864643314139475,0.9863443698016635,0.9865642994241842,0.9863643634037108,0.9862044145873321,0.9863883557261677,0.0001208910465277271,13
0.2592585563659668,0.0049364945182925404,10.407036685943604,0.09334293421442932,manhattan,7,"{'knn__metric': 'manhattan', 'knn__n_neighbors': 7}",0.672912430417067,0.6709750776712992,0.634498245785238,0.6565675331827768,0.6798162830348836,0.6629539140182529,0.01611435086393852,17,0.7051279037084118,0.7082896666834948,0.637299401812124,0.6876807157796225,0.7310706186794043,0.6938936613326115,0.03148679161967073,20,0.6650086036308963,0.6647547375373003,0.6533014768361559,0.6521426348634868,0.6754573171580318,0.6621329540051741,0.008607940852818753,14,0.9867442418426103,0.9865842930262316,0.9864843250159949,0.9862843889955214,0.9863443698016635,0.9864883237364044,0.00016554895668972937,5
0.2616701126098633,0.003694104061642834,10.421762943267822,0.04742834477583402,manhattan,11,"{'knn__metric': 'manhattan', 'knn__n_neighbors': 11}",0.6658621363772027,0.6407781446560661,0.6474987862505667,0.6647754188967743,0.6870593315967711,0.6611947635554761,0.016174049977128672,18,0.7220365719647481,0.7020118510175789,0.6659566441118638,0.6937733863453309,0.7392922530630969,0.7046141413005238,0.024999233977359044,18,0.6616685829354293,0.6289295898233959,0.6521610568420758,0.6676911042103016,0.6894452494383727,0.6599791166499152,0.019777650038759167,19,0.9864643314139475,0.9864443378119002,0.9864643314139475,0.9863043825975688,0.9864043506078055,0.9864163467690339,6.011394904977983e-05,11
0.27623939514160156,0.0076183759650356245,3.2073108673095705,0.014124135977737224,euclidean,13,"{'knn__metric': 'euclidean', 'knn__n_neighbors': 13}",0.662789626422173,0.6379360339517622,0.6465077018618118,0.6633658627864832,0.6874072929194565,0.6596013035883374,0.016960758625307933,19,0.7200661790546544,0.6988704810691949,0.6679867864688833,0.6955136949848028,0.7409495398629417,0.7046773362880954,0.02456166757113096,17,0.6597485676598159,0.6276593511677828,0.650957197401981,0.666055415333451,0.6968195235260141,0.6602480110178091,0.022449012825314807,18,0.9864243442098528,0.9862843889955214,0.9865243122200895,0.9863643634037108,0.9862044145873321,0.9863603646833013,0.00011052683110269988,15
0.26050806045532227,0.002960762044959191,10.398385143280029,0.06714896792229146,manhattan,13,"{'knn__metric': 'manhattan', 'knn__n_neighbors': 13}",0.6628341985125518,0.6382420026876491,0.6413044337907586,0.663652355948314,0.6899246386545994,0.6591915259187745,0.018636109438498215,20,0.7181363030433157,0.6977573560966934,0.6543521923644597,0.6932958766494429,0.7368181607873372,0.7000719777882497,0.027633941489910552,19,0.6608638942260512,0.628286530343257,0.6514453447927423,0.6669338909801819,0.6989660355305872,0.661299139174564,0.022968084607731774,16,0.9863843570057581,0.9863043825975688,0.9864643314139475,0.9862843889955214,0.9863843570057581,0.9863643634037109,6.447742920903124e-05,14
0.28937540054321287,0.015247057324205778,3.200330400466919,0.01804527203155797,euclidean,7,"{'knn__metric': 'euclidean', 'knn__n_neighbors': 7}",0.6536450492640324,0.6436707290171009,0.6351393498171504,0.6561181120199362,0.6797523099948465,0.6536651100226132,0.015030975128033773,21,0.6825353250699077,0.7040835574615018,0.6397892054380789,0.6882739888887845,0.7310996065895777,0.6891563366895702,0.029879055508466413,21,0.6475593249503082,0.6311211205376543,0.6532751653780616,0.6512566006377687,0.6749380953417466,0.6516300613691078,0.014023536193180483,21,0.9866442738323736,0.9865642994241842,0.9867042546385156,0.9862643953934741,0.9863243761996161,0.9865003198976329,0.00017494116166207236,3
